uniprot_id	entrez_id
P00734	2147
P00533	1956
O75015	2215
P02745	712
P02746	713
P02747	714
P08637	2214
P12314	2209
P12318	2212
P01589	3559
P14784	3560
P31785	3561
P01375	7124
P31994	2213
P31995	9103
P01374	4049
P05164	4353
P30968	2798
P48551	3455
P17181	3454
P05177	1544
P00747	5340
P02671	2243
Q03405	5329
P05121	5054
Q02643	2692
P19235	2057
P05120	5055
P05154	5104
P98164	4036
Q9Y5Y6	6768
P14543	4811
P39900	4321
P22888	3973
P30988	799
Q99062	1441
P08246	1991
P15509	1438
P26951	3563
P32927	1439
P34741	6383
P13727	5553
P10635	1565
P11712	1559
P05543	6906
P16473	7253
P00742	2159
P00740	2158
P04275	7450
O14832	5264
P07307	433
P11021	3309
P27797	811
P27824	821
P49257	3998
Q07954	4035
Q8NI22	90411
P04070	5624
P14778	3554
P08183	5243
Q92637	
P01024	718
P0C0L4	720
P0C0L4	721
P0C0L5	100293534
P0C0L5	721
P01031	727
P06213	3643
P08069	3480
P06400	5925
P16870	1363
P14735	3416
P16519	5126
P29120	5122
P05452	7123
P05787	3856
P07355	302
P23945	2492
P15260	3459
P38484	3460
P30518	554
P37288	552
P47901	553
P23219	5742
P35354	5743
P10646	7035
P38435	2677
P08709	2155
P13726	2152
Q14626	3590
P21802	2263
P11362	2260
P98160	3339
P47871	2642
O95838	9340
P43220	2740
P47712	5321
P08684	1576
P47989	7498
P05181	1571
P63027	6844
P23763	6843
Q8N9I0	127833
P12319	2205
Q01362	2206
O60603	7097
P02452	1277
P02458	1280
P02461	1281
P10912	2690
P16471	5618
P05106	3690
P08514	3674
P04004	7448
P00451	2157
P12259	2153
P07204	7056
P07225	5627
P02776	5196
P35237	5269
Q9UNN8	10544
P20138	945
P62993	2885
Q92887	1244
P01137	7040
P02768	213
P01906	3118
P01920	3119
P07339	1509
P48745	4856
Q16270	3490
Q96C24	94121
P04626	2064
P11836	931
P04234	915
P07766	916
P09693	917
P20963	919
Q02318	1593
P15104	2752
P33260	1562
P06276	590
Q02928	1579
P60880	6616
P62745	388
P25116	2149
P31358	1043
Q04609	2346
P49069	819
Q96LZ3	5535
P62937	5478
P30405	10105
P20815	1577
P33261	1557
O95342	8647
Q12908	6555
Q14973	6554
Q4U2R8	9356
Q5T3U5	89845
Q9UNQ0	9429
Q9Y6L6	10599
Q9NPD5	28234
P06729	914
P20701	3683
P20702	3687
P06126	909
Q95460	3140
P42081	942
P01730	920
P05556	3688
P06756	3685
P03951	2160
P09619	5159
P16234	5156
P01023	2
P20645	4074
P30559	5021
P01178	5020
P48147	5550
P13612	3676
P05362	3383
Q53I07	
P13843	
P00736	715
P15692	7422
P13688	634
Q9BYV1	64902
Q99259	2571
P35520	102724560
P35520	875
Q16719	8942
P34896	6470
Q9Y697	9054
P17174	2805
P04181	4942
P11926	4953
Q8N5Z0	51166
P80404	18
Q9NVS9	55163
O95470	8879
P17735	6898
Q16773	883
O15270	9517
Q9Y600	51380
P19113	3067
Q96A70	113451
P20132	10993
O75600	23464
P23378	2731
P24298	2875
Q9Y617	29968
P13196	211
P21549	189
Q96GD0	57026
O15269	10558
P32929	1491
P54687	586
O15382	587
O94903	11212
P00505	2806
P11216	5834
P11217	5837
P20711	1644
Q2TU84	
Q53ET4	
Q59FK2	51540
Q59GM9	
Q5JAM2	211
Q5VZ30	2572
Q6IBS8	
Q6YP21	56267
Q6ZQY3	339896
Q96I15	51540
Q6WRI0	285313
Q8IUZ5	85007
Q8IVA8	2571
P34897	6472
P22557	212
Q8TD30	84706
Q96EN8	55034
Q96GA7	113675
Q9BXA1	
Q9GZT4	63826
Q9HD40	51091
Q9NUV7	55304
Q9UGI5	
Q9UJX1	
Q99707	4548
P22033	4594
Q9UBK8	4552
Q8IVH4	166785
Q9Y4U1	25974
P42898	4524
Q96EY8	326625
Q05599	
Q9BXJ7	81693
P20061	6947
P20062	6948
P27352	2694
O60494	8029
P33527	4363
P11586	4522
P13995	10797
P48728	275
O75891	10840
O95954	10841
P31939	471
Q96DP5	123263
P12081	3035
Q99624	10991
P42357	3034
Q8TF71	117247
Q14749	27232
P17707	262
P31153	4144
Q00266	4143
P21964	1312
Q8N1G2	23070
Q9HBK9	57412
P19623	6723
O15427	9123
P36021	6567
O15375	9121
P30613	5313
O15403	9120
O60669	9194
P11177	5162
P14618	5315
O15374	9122
O95907	23539
P53985	6566
P11498	5091
Q92959	6578
Q9UHI5	23428
Q9Y285	2193
P00439	5053
O95363	10667
Q9NSD9	10056
P07101	7054
P05166	5096
P50747	3141
Q9HCC0	64087
O00763	32
Q96RQ3	56922
P05165	5095
Q13085	31
Q16678	1545
Q9Y289	8884
Q8N695	160728
Q9Y5K3	9468
P22303	43
P49585	5130
O14939	5338
Q13393	5337
Q8TCT1	162466
P36544	1139
P36544	89832
Q9Y6K0	10390
Q9Y259	1120
P28329	1103
P35790	1119
Q8NE62	55349
O15244	6582
O15245	6580
O75751	6581
O76082	6584
Q9H015	6583
Q8WWI5	23446
Q53GD3	80736
Q8IWA5	57153
Q8N4M1	126969
Q9GZV3	60482
P30825	6541
O43246	6545
Q8WY07	84889
P52569	6542
Q15046	3735
P29474	4846
P04424	435
P35228	4843
P78540	384
P00966	445
Q54873	
P24300	
O00469	5352
O60568	8985
O75936	8424
P09172	1621
P19021	5066
Q32P28	64175
Q8IVL5	55214
Q8IVL6	10536
P13674	5033
Q8N543	55239
Q6N063	79676
Q6NS38	121642
Q96Q83	221120
Q9BY66	8284
Q02809	5351
Q9NVH6	55217
Q9NXG6	54681
Q9GZT9	54583
Q96KS0	112398
Q9H6Z9	112399
Q16881	7296
Q9UHI7	9963
Q9UGH3	9962
P11166	6513
P11169	6515
P14672	6517
P52788	6611
Q9NWM0	54498
P41180	846
P08588	153
P07550	154
P21673	6303
Q96F10	112483
P07998	6035
P61626	4069
Q9UJS0	10165
P45381	443
P08243	440
Q03154	95
P14868	1615
O75746	8604
Q12797	444
P22234	10606
P30520	159
P43005	6505
Q5T6L4	445
Q6PI48	55157
Q7L266	80150
P27708	790
P00480	5009
P05089	383
P54368	4946
Q9BXI2	83884
Q9Y619	10166
P50440	2628
P17812	1503
Q06203	5471
P00488	2162
O94925	2744
Q9UI32	27165
P21980	7052
O43548	9333
O95932	343641
P22735	7051
P49221	7047
Q08188	7053
Q96PF1	116179
P49915	8833
O15067	5198
O75879	5188
O94808	9945
P47897	5859
Q6IA69	55191
Q9H2H9	81539
Q96QD8	54407
Q15758	6510
Q9UN76	11254
Q9UM01	9056
Q92536	9057
Q01650	8140
P82251	11136
P16220	1385
Q07343	5142
Q9Y478	5564
P49773	3094
Q08499	5144
Q9NR19	55902
Q13131	5562
Q08828	107
P33121	2180
P09467	2203
P55263	132
P23109	270
P07741	353
O60427	3992
O95864	9415
P32418	6546
Q8NER1	7442
Q07869	5465
Q96RI1	9971
Q03181	5467
P37231	5468
P19793	6256
Q9NXB9	54898
Q9NYP7	60481
O15540	2173
P49591	6301
P50579	10988
Q93088	635
Q9H2M3	23743
Q9Y3D2	22921
Q9NZV6	51734
Q9UJ68	4482
P56192	4141
Q96GW9	92935
Q9NZL9	27430
Q9Y2Z4	51067
P54577	8565
P11473	7421
P31260	3206
Q07973	1591
P02774	2638
Q9UPY5	23657
O60931	1497
Q07837	6519
Q9BXA5	56670
P51649	7915
Q99643	6391
P31040	6389
Q96I99	8801
P55809	5019
Q8TCC7	9376
Q9UBX3	1468
Q9BZW2	6561
Q13183	9058
Q8WWT9	64849
Q969G6	55312
P0AFU8	
P30043	645
P21397	4128
P15291	2683
O60513	8702
Q9UJ70	55577
Q9UK23	51172
P54802	4669
P51606	5973
Q13255	2911
Q14833	2914
Q16099	2900
Q16478	2901
Q14831	2917
O00222	2918
O00341	6512
O14841	26873
O15399	2906
P07814	2058
P43003	6507
P43004	6506
P48506	2729
P48664	6511
P49448	2747
Q05586	2902
Q05932	2356
Q07075	2028
Q12879	2903
Q13224	2904
Q14957	2905
Q5JPH6	124454
Q8N159	162417
Q8TCU5	116443
Q9UDR5	10157
Q9ULA0	23549
Q9Y646	10404
P00367	2746
P39086	2897
P42261	2890
P48507	2730
Q05329	2572
P42262	2891
P42263	2892
P48058	2893
P54886	5832
Q13002	2898
Q13003	2899
Q9H1K4	83733
Q9H936	79751
O14880	4259
O60760	27306
P08263	2938
P09210	2939
P10620	4257
P10768	2098
P19440	2678
P28161	2946
P35754	2745
P36969	2879
P46439	2949
P59796	257202
Q16775	3029
Q6NSD4	
Q96SL4	2882
Q99735	4258
Q9H4Y5	119391
Q9NS18	51022
Q04760	2739
Q16873	4056
P00390	2936
P48637	2937
P09488	2944
Q9Y2Q3	373156
Q16772	2940
P21266	2947
O15217	2941
Q03013	2948
Q7RTV2	221357
P09211	2950
P78417	9446
P07203	2876
P18283	2877
P30711	2952
O43708	2954
O75715	2880
P22352	2878
P15121	231
P14780	4318
O15438	8714
O15439	10257
O15440	10057
P49619	1608
Q16760	8527
Q9BVG9	81490
Q9NXE4	55627
Q9NY59	55512
Q9Y2Q0	10396
P17252	5578
P48651	9791
Q9UG56	23761
Q8WTV0	949
P41250	2617
Q14032	570
Q14330	2841
Q6IB77	10249
Q8WU03	219970
Q969I3	92292
Q9P0Z9	51268
O60391	116444
P23415	2741
P48167	2743
O75311	8001
P23416	2742
P09622	1738
P23434	2653
Q7Z2H8	206358
Q9H598	140679
Q9Y345	9152
P48067	6536
O15528	1594
O00764	8566
P06732	1158
P12532	1159
P12532	548596
P12277	1152
P17540	1160
P48029	6535
Q14353	2593
Q15031	23395
O60294	9836
Q9UIC8	51451
Q9P2J5	51520
Q9UGM6	10352
P00953	
P23381	7453
P48775	6999
P17752	7166
Q8IWU9	121278
P14902	3620
P49589	833
P16455	4255
Q9HA77	79587
Q16878	1036
Q9H3S4	27010
P13584	1580
O75356	957
Q9BU02	79178
O60779	10560
Q9BZV2	80704
Q6VVX0	120227
Q96AT9	6120
P05108	1583
O95865	23564
O94760	23576
P29475	4842
Q6TGC4	353238
Q9ULC6	29943
Q9ULW8	51702
Q9Y2J8	11240
Q9UM07	23569
P26639	6897
Q9BW92	80222
O60701	7358
P07327	124
Q00796	6652
P08319	127
P00326	126
P00325	125
P40394	131
P21695	2819
Q6ZMR3	160287
P11766	128
Q99714	3028
P40926	4191
P00338	3939
P23368	4200
P51659	3295
Q9BYZ2	92483
P07864	3948
P07195	3945
Q08426	1962
Q16836	3033
Q16798	10873
Q02338	622
P40925	4190
P31937	11112
P37058	3293
P04035	3156
P48163	4199
O43175	26227
P56937	51478
P51553	3421
O43837	3420
P50213	3419
P14061	3292
P37059	3294
Q92781	5959
O95479	9563
Q92506	7923
P17516	1109
P12268	3615
P42330	8644
P15428	3248
Q13630	7264
Q04828	1645
P28845	3290
P26439	3284
P14060	3283
P20839	3614
P40939	3030
P05091	217
P80365	3291
P52895	1646
Q15738	50814
P48448	
Q02252	4329
P30838	218
P00352	216
O14556	26330
P49189	223
P47895	220
P30837	219
P43353	221
P04406	2597
O94788	8854
P51648	224
P49419	501
Q96C36	29920
P32322	5831
P29803	5161
P08559	5160
P53004	644
P16219	35
P00374	1719
Q02218	4967
Q9UBM7	1717
P16083	4835
P03891	4536
P03897	4537
O75251	374291
P30038	8659
P00387	1727
Q86Y39	126328
P03905	4538
P09417	5860
P03886	4535
Q13423	23530
Q16718	4698
Q16795	4704
P03901	4539
O95299	4705
O95182	4701
O15239	4694
P03923	4541
P03915	4540
O00483	4697
P56556	4700
O14561	4706
O43678	4695
P51970	4702
O95167	4696
O95169	4714
O95298	4718
O75438	4707
P28331	4719
O96000	4716
O95168	4710
O43676	4709
O95178	4708
P17568	4713
Q9Y6M9	4715
O75306	4720
O43674	4711
O43677	4717
O95139	4712
P56181	4731
O75489	4722
Q9UI09	55967
O43920	4725
O43181	4724
P49821	4723
P19404	4729
Q9P0J0	51079
O75380	4726
Q9NRX3	56901
O00217	4728
P10515	1737
Q15800	6307
P09601	3162
P30519	3163
P05093	1586
P14679	7299
Q06278	316
P28332	130
P14550	10327
P41439	2352
P14207	2350
P15328	2348
Q92820	8836
Q96J66	85320
Q96NT5	113235
Q9H2D1	81034
O60488	2182
O14842	2864
Q5JTZ9	57505
P49588	16
P43007	6509
P26640	7407
Q96NR8	145226
O75911	9249
Q6NUM9	54884
Q8TC12	51109
Q9BTZ2	10901
Q9HBH5	57665
Q9NYR8	50700
O95237	9227
Q8NBN7	112724
P05090	347
P41222	5730
O43174	1592
P82980	83758
Q96R05	116362
P02753	5950
P50120	5948
P12271	6017
P10745	5949
P09455	5947
Q9BX79	64220
O75469	8856
P05771	5579
P09917	240
P23743	1606
P62714	5516
P67775	5515
Q9UDX3	284904
Q9UDX4	266629
O76054	23541
P15559	1728
P00441	6647
P49638	7274
P55058	5360
O95477	19
Q9UHC9	29881
P45844	9619
P04798	1543
P05186	249
Q9Y234	51601
O43766	11019
P16435	5447
Q9NSE4	55699
P45954	36
P41252	3376
Q8TE23	80834
Q7RTX0	83756
Q9NSA0	55867
P51589	1573
P10632	1558
Q9BQB6	79001
Q8N0U8	154807
P02818	632
P11509	1548
P42684	27
Q9UM73	238
Q13564	8883
P10398	369
P37023	94
P49902	22978
O43681	439
O60706	10060
P31749	207
P25098	156
O14727	317
Q9NUB1	84532
P36896	91
Q04771	90
Q96Q40	65061
P12235	291
Q09428	6833
Q9Y4W6	10939
P35626	157
Q16671	269
Q07912	10188
P00519	25
O95255	368
P13569	1080
P42336	5290
P68400	1457
P67870	1460
Q96G91	5032
P53041	5536
O15460	8974
O43272	5625
O43447	10465
P23284	5479
P45877	5480
Q13427	9360
Q4W8W1	
Q7L3T8	25973
Q53H96	65263
Q96EM0	112849
Q99884	6534
P0AF12	
P24666	52
Q9BY49	55825
P17802	
Q8RLY5	
P78362	6733
Q5SL87	
Q13126	4507
Q05603	
P22309	54658
Q96I59	79731
O43776	4677
Q92769	3066
O94956	11309
P46721	6579
Q9Y694	10864
P31645	6532
Q12809	3757
P20813	1555
P30556	185
P12821	1636
P46663	623
P46059	6564
Q16348	6565
P04278	6462
P04150	2908
P08185	866
Q9UBS5	2550
O75899	9568
Q05940	6571
Q01959	6531
Q16568	9607
Q96RJ0	134864
P23975	6530
P14416	1813
P27338	4129
Q99870	
P32239	887
P43681	1137
P17787	1141
Q15822	1135
P32297	1136
P30532	1138
Q15825	8973
Q9UGM1	55584
Q9GZZ6	57053
Q05901	1142
P30926	1143
P11511	1588
Q16696	1553
P20309	1131
P11229	1128
Q01740	2326
P54855	7366
P28074	5693
P20618	5689
P01303	4852
Q14524	6331
P35372	4988
P28335	3358
P41145	4986
P41143	4985
Q693P7	
P25103	6869
Q99250	6326
P30542	134
P04293	
P09250	
Q9QNF7	
P00813	100
P10613	
Q99808	2030
P62508	2104
P11474	2101
P24462	100861540
P24462	1551
P35503	54659
P22310	54657
P19224	54578
Q9HAW7	54577
Q9HAW9	54576
O60656	54600
Q9HAW8	54575
P16662	7364
P11485	
Q99519	4758
Q9Y3R4	4759
P23141	1066
O43193	2862
P29274	135
P21817	6261
P78527	5591
O00329	5293
P42338	5291
Q13315	472
P29275	136
P0DMS8	140
P08172	1129
O76074	8654
P18545	5148
Q13956	5149
O95069	3776
Q14500	3768
P13922	
P07686	3074
Q96FL8	55244
Q86VL8	146802
P54219	6570
O15392	332
Q9H244	64805
P10826	5915
P13631	5916
P28702	6257
P48443	6258
P05412	3725
P10276	5914
P35348	148
P35368	147
P25100	146
P00797	5972
P20648	495
Q13621	6557
P55011	6558
P35367	3269
P28221	3352
P28222	3351
P30939	3355
P08908	3350
P48048	3758
P43702	
P43700	
P11388	7153
O90777	
Q14654	3767
Q72874	
Q15166	5446
P98194	27032
O14983	487
Q8XJ01	
P54289	781
P00915	759
P00918	760
P22748	762
O15111	1147
Q9NZK7	30814
Q14432	5139
Q72547	
Q04782	
P14867	2554
P47869	2555
P34903	2556
P48169	2557
P31644	2558
Q16445	2559
P23921	6240
P31350	6241
Q7LG56	50484
P09884	5422
Q07864	5426
P56282	5427
Q9NRF9	54107
Q9NR33	56655
P00491	4860
P27707	1633
Q9HAS3	64078
P02763	5004
O14920	3551
P9WJI5	
P18440	9
P21728	1812
P21918	1816
P28223	3356
P35462	1814
P21917	1815
P28566	3354
P50406	3362
P34969	3363
P08913	150
P18089	151
P18825	152
P08173	1132
P08912	1133
P47898	3361
P41595	3357
P0C0X2	
P0C0X1	
P31513	2328
P11245	10
P35498	6323
Q07699	6324
Q9NY46	6328
Q9UQD0	6334
P15538	1584
P07099	2052
Q9NYB5	53919
Q2M3G0	340273
P03372	2099
Q92731	2100
O95718	2103
Q15596	10499
P10275	367
P02766	7276
P0A7V8	
O15554	3783
Q8TDS4	338442
P0AC13	
P0A6J8	
Q9L888	
Q495M3	153201
Q08257	1429
P05178	
P08683	
P0AD68	
Q13936	775
Q08289	783
O95180	8912
Q9NY47	9254
Q01668	776
Q13698	779
P25021	3274
P07451	761
Q15878	777
C1KC03	
P02918	
P02919	
P0AEB2	
P08506	
P27815	5141
Q99829	8904
Q8TCT9	81502
Q15155	23420
P09874	142
Q7Z5B4	79608
Q9Y4R7	26140
P10827	7067
P10828	7068
P12004	5111
Q6ZQN7	353189
Q96BD0	28231
Q9NZV8	3751
Q9UK17	3752
P19652	5005
Q9Y5Y9	6336
Q15858	6335
P35499	6329
P14324	2224
O95749	9453
P42574	836
P55211	842
O43451	8972
P04746	279
P10253	2548
P14410	6476
Q63ZE4	387775
Q86UW1	200931
Q86UW2	123264
Q9UIG8	28232
P43088	5737
P04083	301
P48549	3760
P18858	3978
P49916	3980
Q13867	642
P19099	1585
P04818	7298
P06401	5241
Q9Y6Y9	23643
P06133	7363
P34995	5731
P06478	
P24024	
P54819	204
P27144	205
P44469	
P0AD65	
P45059	
P24228	
Q02641	782
Q06432	786
O00180	3775
Q9Y257	9424
Q9H252	81033
Q9NS40	90134
Q9H4B7	81027
P43166	766
Q9UKV0	9734
P9WJ63	
Q15185	10728
P50225	6817
P0DMM9	6818
P0DMM9	445329
O00519	2166
Q75Y35	
P0A3M6	
Q8DNB6	
Q7CRA4	
P04629	4914
Q16620	4915
O43526	3785
Q09470	3736
Q9H3N8	59340
Q99720	10280
O43525	3786
P08909	
P36537	7365
P19971	1890
P16066	4881
P14555	5320
Q8N8N7	145482
Q9Y5Y4	11251
P9WNL5	
P9WNL7	
P9WNL9	
Q16134	2110
Q7RTT9	222962
P46098	3359
P06715	
P42345	2475
P62942	2280
P35869	196
P95029	
O43497	8913
P32754	3242
P30531	6529
P48066	6538
P00492	3251
P42971	
P05193	
Q12791	3778
Q27738	
P07437	203068
A2QLK4	
Q9NYX4	50632
P0DJD9	5222
P09038	2247
P01133	1950
Q14994	9970
Q14097	
P18405	6715
P13945	155
Q01860	5460
P08546	
Q9UE69	
P00720	
P43119	5739
Q02880	7155
Q00975	774
Q8IZS8	55799
P17405	6609
Q9P0X4	8911
P51170	6340
P37088	6337
P51168	6338
P51172	6339
P07202	7173
P05023	476
O60840	778
P54284	784
O00305	785
P08235	4306
P47870	2561
P18507	2566
P15056	673
P04049	5894
P35916	2324
P35968	3791
P36888	2322
P10721	3815
P07949	5979
P17948	2321
Q15311	10928
P10875	
Q99456	3859
P32238	886
P01008	462
P05546	3053
P00176	
P41972	
P16152	873
Q8DR59	
Q02763	7010
Q53707	
P12256	
Q16739	7357
Q6LAP9	
P11168	6514
Q89ZI2	
O60502	10724
Q07806	
Q9X6W0	
P18505	2560
P28472	2562
P24046	2569
P04183	7083
O00337	9154
Q14542	3177
P33402	2977
P04731	4489
P55017	6559
P51580	7172
Q9X6V3	
P72161	
P0ABQ4	
P30085	51727
P32320	978
P0ADY7	
P24093	
P08174	1604
P00484	
P26841	
Q56148	
P10636	4137
P0A7S3	
P61073	7852
P0A7X3	
P15555	
P00811	
O95259	3756
P14770	2815
P21554	1268
P34972	1269
Q9Y271	10800
P61024	1163
P0DP23	805
P0DP23	808
P0DP23	801
P21430	
Q96SW2	51185
O14788	8600
P33151	1003
P50453	5272
P04155	7031
O15530	5170
H3BUU9	1009
A0A0E1R3H3	
Q06AK7	
Q14697	23193
Q8TET4	2595
B2ZTR6	
O14746	7015
Q99705	2847
P94692	
P41440	6573
P70174	
P00750	5327
P08519	4018
Q5T1J1	10280
O00264	10857
O75795	7367
P29372	4350
P02787	7018
O00244	475
P02795	4502
O15431	1317
O15432	1318
P35670	540
Q04656	538
Q71U36	7846
F1L7U3	
P68371	10383
P83223	
P05981	3249
P17936	3486
Q15238	5673
Q6V0L0	340665
P29373	1382
P29762	1381
Q92206	
P15502	2006
P08149	
Q60FT7	
P78352	1742
P53608	
P0AES4	
P0C1U9	
Q59192	
P05653	
C3T8E2	
B4YQT9	
P20831	
P68366	7277
Q12882	1806
Q16831	7378
O95045	151531
P11172	7372
P66010	
P51857	6718
P31213	6716
P00582	
P18314	
P02708	1134
P06818	
P27907	
P25101	1909
P24530	1910
P0A7S9	
P0AG59	
P0A7U3	
O14649	3777
Q9NPC2	51305
Q16790	768
O43570	771
P52209	5226
Q9UJT1	51174
P23258	7283
Q9UJT0	51175
Q16774	2987
P06864	
P43155	1384
Q8N8R3	123096
O43772	788
Q9UKG9	54677
P23786	1376
P50416	1374
Q86VW1	85413
P78348	41
P12429	306
P09525	307
P08758	308
P19801	26
Q16515	40
P19634	6548
P00749	5328
Q9TRC7	
P04800	
Q13639	3360
P27361	5595
O60218	57016
P54710	486
Q6FHJ7	6424
Q9NR96	54106
Q8MU52	
P09429	3146
Q9BYF1	59272
P9WGR1	
P9WIE5	
P50135	3176
P0A7Z4	
P0A8V2	
P0A8T7	
P07900	3320
P14625	7184
P08473	4311
P11274	613
O43519	
P07333	1436
Q08345	780
Q99758	21
P54750	5136
Q01064	5153
Q9HB55	64816
P42332	
P42333	
P42334	
P49019	8843
Q15274	23475
P40261	4837
P29074	5775
Q13332	5802
P23469	5791
P38606	523
P03200	
P68344	
P0C002	
P53848	
Q9F0I5	
P22102	2618
Q96P88	
P10109	2230
Q08493	5143
P41594	2915
O00555	773
A9X444	
Q15125	10682
P45983	5599
Q06520	6822
P49888	6783
Q96S37	116085
Q9NRM0	56606
P9WQG9	
P05230	2246
P08620	2249
Q03393	5805
Q6IPK9	
P06310	
Q9HC97	2859
Q9Y2I1	11188
P52647	
P17117	
P0A7R5	
P01130	3949
Q05486	
P00558	5230
P15531	4830
P22392	654364
P22392	4831
Q99447	5833
Q8TCD5	30833
D6R448	
P50226	6799
O43704	27284
Q9NS75	57105
P21462	2357
Q13258	5729
P05141	292
P12236	293
Q86U10	374569
P26358	1786
Q9Y6K1	1788
Q9NYK1	51284
Q9NR97	51311
P00363	
Q14534	6713
O14717	1787
O08355	
P05067	351
P30049	513
Q8NFJ5	9052
P49788	5918
P31025	3933
Q9NY56	29991
Q16654	5166
Q9NR63	56603
P06149	
O14521	6392
P02359	
P0A7V3	
P0A7W7	
P04156	5621
C9EH48	
P14489	
Q9H2X9	57468
Q9UHW9	9990
Q9Y666	10723
Q9UP95	6560
P11387	7150
Q969P6	116447
O00748	8824
P13866	6523
Q9Y5N1	11255
P23297	6271
P80511	6283
P04271	6285
Q99584	6284
P29034	6273
P43116	5732
O75828	874
P0A7J6	
Q16853	8639
Q99527	2852
P00846	4508
Q14457	8678
P12104	2169
P03956	4312
P08253	4313
P08254	4314
P09237	4316
P22894	4317
P09238	4319
P24347	4320
P45452	4322
P50281	4323
P51511	4324
P51512	4325
Q9ULZ9	4326
Q99542	4327
O60882	9313
Q8N119	118856
O75900	8510
Q9Y5R2	10893
Q9NPA2	64386
Q9NRE1	56547
Q9H306	64066
Q9H239	79148
P03176	
P09252	
Q51911	
Q9HCF6	80036
P24752	38
P24557	6916
P04054	5319
P08164	
P21589	4907
P26676	
P16502	
P12823	
Q16647	5740
P0AES6	
P0AFI2	
Q9ULX7	23632
P29972	358
Q9HCR9	50940
Q7Z2W7	79054
O75762	8989
Q8NET8	162514
P0A749	
P63316	7134
P26447	6275
P07288	354
P01189	5443
P98066	7130
P01584	3553
P22001	3738
P49146	4887
P10696	251
Q23022	
Q9N587	
Q27218	
P48181	
Q14181	23649
O95644	4772
P19838	4790
P60568	3558
P13716	210
A0A059JJ46	
Q8WWZ7	23461
P05183	
P27169	5444
Q49184	
P68871	3043
P69905	3039
P69905	3040
P02794	2495
P02792	2512
P30273	2207
P48051	3763
P19320	7412
P48544	3762
Q8N1C3	2565
Q99928	2567
P78334	2564
O00591	2568
Q9UN88	55879
O14764	2563
A5X5Y0	285242
O95264	9177
Q70Z44	200909
Q8WXA8	170572
Q9Y698	10369
Q92806	3765
P32004	3897
Q9UJU2	51176
P43115	5733
Q9UI33	11280
O60939	6327
Q9NY72	55800
Q8IWT1	6330
P35218	763
Q9Y2D0	11238
P23280	765
P35219	767
Q9NS85	56934
O75493	770
Q8N1Q1	377677
Q15842	3764
O25608	
P35408	5734
P41146	4987
Q70KI2	
O00206	7099
P04637	7157
P51812	6197
P25963	4792
P29466	834
P24385	595
P01106	4609
P9WNX1	
P35610	6646
P15144	290
Q9Y233	10846
P53805	1827
P48039	4543
P49286	4544
P06746	5423
P32321	1635
P63000	5879
Q9NV35	55270
Q9BY32	3704
Q8NBI5	29015
P30044	25824
Q9NR82	56479
Q14978	9221
Q9NUT2	11194
P25815	6286
Q16850	1595
P25024	3577
P00183	
Q9FAW5	
Q8TD43	54795
P99999	54205
P02931	
P06996	
P02585	7125
P08700	3562
P50859	
P08686	1589
Q9HCS2	66002
P78329	8529
Q96RD7	24145
Q9NYV7	50833
O43868	9153
P0A953	
P0AAI5	
P0A6R0	
P49327	2194
P72524	
P0A4L9	
P72525	
Q59961	
P51788	1181
Q99835	6608
P01889	3106
P10415	596
P07359	2811
P31151	6278
D6RB81	23600
P0A0K8	
A0A0H2XJ39	
P62593	
P13500	6347
Q8L103	
P04190	
P28482	5594
P27986	5295
O00459	5296
Q92569	8503
Q4ZHU6	
Q92753	
P11678	8288
P46597	438
P27487	1803
P16233	5406
P07098	8513
P08729	3855
P50993	477
P13637	478
O75908	8435
P55157	4547
Q02127	1723
Q14289	2185
P12461	
O60733	8398
Q15111	5334
O95665	23620
P16109	6403
P22455	2264
O95750	9965
P14210	3082
Q9Y251	10855
Q02768	
Q08210	
Q86YN6	133522
P0A0N4	
Q58L87	
Q61327	
Q8BRU6	
Q05209	5782
P29350	5777
P16860	4879
P17302	2697
P16581	6401
Q16665	3091
P48050	3761
P63252	3759
P15289	410
P0A3M5	
Q51504	
P0AEB3	
Q04707	
P14677	
P08100	6010
P59768	54331
Q6W5P4	387129
P38936	1026
Q13547	3065
P29590	5371
P05057	
P00551	
P30536	706
Q2G0P0	
Q92736	6262
P11137	4133
P78559	4130
P09960	4048
P9WGY7	
Q7L0J3	9900
P14859	5451
P09086	5452
Q9H169	81551
P21731	6915
P04040	847
Q91V14	
P46925	
P27816	4134
P51843	190
Q96ER9	79714
P51787	3784
P01579	3458
P12931	6714
P29317	1969
P06239	3932
P07947	7525
P51692	6777
P06241	2534
Q06187	695
Q92570	8013
P41240	1445
P54756	2044
P54760	2050
P09769	2268
P42685	2444
P11142	3312
P07948	4067
Q9NYL2	51776
Q16539	1432
Q9A1X4	
Q03518	6890
Q9UBC3	1789
O60664	10226
P11717	3482
P35858	3483
P08833	3484
P18065	3485
P22692	3487
P24593	3488
P24592	3489
O60894	10267
O60895	10266
O60896	10268
Q16854	1716
P33681	941
Q01718	4158
P06850	1392
Q00653	4791
P33673	
P44345	
P76577	
P40933	3600
P0AFI5	
P00808	
P50052	186
P49841	2932
P29218	3612
O14732	3613
P61177	
P06870	3816
Q01082	6711
P20810	831
P49747	1311
P05187	250
P05109	6279
P06702	6280
P00450	1356
P12644	652
P08493	4256
Q8TAB3	57526
O75340	10016
P21796	7416
P45880	7417
Q9Y277	7419
Q9Y6R1	8671
Q9Y6M7	9497
Q2Y0W8	9498
Q9BY07	57835
Q6U841	57282
P05231	3569
P01138	4803
P05113	3567
P12724	6037
Q02817	
Q5SHN7	
Q13370	5140
Q9HAB3	79581
O60858	10206
Q00441	
P00947	
P28476	2570
A8MPY1	200959
P46883	
P02786	7037
Q9BY41	55869
Q9NZD4	51327
Q16595	2395
P39748	2237
Q96FI4	79661
Q969S2	252969
P04075	226
P68104	1915
P06733	2023
P07237	5034
P30101	2923
Q06830	5052
P78330	5723
P60174	7167
P49411	7284
O14618	9973
P56524	9759
P04279	6406
O15304	10572
Q00987	4193
P01308	3630
P46939	7402
O15350	7161
P25713	4504
Q8N907	199699
P04217	1
P01019	183
P02765	197
P02743	325
P02647	335
P02652	336
P06727	337
Q0VD83	55911
P02649	348
O14791	8542
P09871	716
P04003	722
P20851	725
P46736	79184
P07357	731
P07358	732
P07360	733
P00751	629
P08603	3075
P05156	3426
P10909	1191
P15169	1369
P22792	1370
P81605	117159
P15924	1832
P00748	2161
P05160	2165
O75636	8547
P02751	2335
P06396	2934
P00739	3250
Q86YZ3	388697
P01876	
P01871	
P01599	
P01619	
P80748	
P19827	3697
P19823	3698
Q06033	3699
Q14624	3700
P01591	3512
P14923	3728
P03952	3818
P01042	3827
P04264	3848
P13645	3858
P02533	3861
P08779	3868
P35908	3849
P13647	3852
P02538	3853
P35527	3857
Q96PD5	114770
P20742	
P49908	6414
P01009	5265
P01011	12
P29622	5267
P51693	333
Q06481	334
P16444	1800
P72355	
P0AD63	
Q93LQ9	
P62594	
P18251	
P20594	4882
P12758	
P80188	3934
P01857	
Q27796	
Q8VP84	
P08870	
Q9NWZ5	54963
O85465	
P00509	
P37698	
Q79G13	
P9WKE1	
P23919	1841
O52806	
P03007	
Q9HU22	
P00469	
P06612	
Q15788	8648
P00185	
Q44244	
Q96C86	28960
P06730	1977
P46072	
O68600	
P56653	
P39304	
P60757	
P17538	1504
P07477	5644
Q7WUJ1	
P19883	10468
Q53908	
P50870	
Q06174	
P40871	
P14900	
P45066	
Q9UKU7	27034
P71278	
P80040	
P0C278	
P16930	2184
P15259	5224
Q8RJN5	
P0A6I9	
P0AEK4	
P22262	
P9WHE9	
P37672	
Q9P2W7	27087
Q9NP99	54210
P26196	1656
Q746J6	
Q9NWT6	55662
P9WNX3	
O25927	
P21283	528
Q9HU21	
Q9KVB4	
Q51782	
A0A0H2URW2	
P51698	
Q44048	
Q45135	
P06875	
P00436	
P00437	
P10844	
O00204	6820
P22637	
O66496	
Q9X519	
Q07412	
P13929	2027
P02144	4151
P0C0F4	
P13000	
P16304	
P27142	
P84139	
Q96MA6	158067
P69441	
P00568	203
Q79FX6	
P9WPB7	
P30920	
P26662	
P35963	
P08200	
P16100	
Q99798	50
P48735	3418
O75874	3417
P77541	
P42768	7454
P03366	
P18031	5770
Q00740	
P07822	
P63208	6500
P0ACC1	
P07617	
O87696	
P22061	5110
P11086	5409
P9WPB5	
P14751	
Q9WYV8	
O60678	10196
Q9WZX6	
P13956	
P44868	
P11409	
P04392	
P9WPB3	
Q99873	3276
P25924	
P05102	
Q8WTS6	80854
P43912	
Q9H2P9	51611
Q54527	
P0A876	
P21631	
Q5SKH6	
P07801	
P14385	
Q56308	
Q86VU5	118881
Q06528	
P9WIQ3	
P11309	5292
P56690	
P49247	22934
P0AGJ9	
Q8WX39	392399
Q13526	5300
Q26966	
P63185	
P67910	
P45510	
Q16613	15
P56740	
P62258	7531
P53779	5602
Q9UQF2	9479
P33981	7272
P0A6I3	
Q13907	3422
P62623	
P43133	
P39594	
P10644	5573
P00587	
Q9L9D7	
P30012	
P9WJJ7	
Q46822	
P15273	
A0A0H3JWX6	
P07478	5645
P00782	
Q54528	
P08692	
P08631	3055
P25779	
Q9UBX1	8722
P02788	4057
O14792	9957
P10153	6036
Q9Y663	9955
P52848	3340
P0A2W7	
P0AB80	
P06986	
P06971	
P0A872	
P29717	
P00805	
P11226	4153
P0AB91	
P0A716	
Q57265	
P35558	5105
Q9WYH8	
P28720	
P00147	
P9WN25	
P17931	3958
P69681	
Q8GEZ8	
Q9NPH2	51477
Q60053	
P05618	
P19571	
P00691	
Q9UNI1	1990
O06644	
P10802	
P60327	
P0A334	
P01834	
Q6NUS8	133688
P11741	
Q46393	
P52961	417
P56220	
P71447	
P41789	
P43235	1513
P62619	
P51003	10914
Q8KN66	
P46976	2992
P31677	
P09148	
Q14376	2582
P26393	
P09147	
P04547	
Q7Z4J2	360203
P00722	
P07464	
P03023	
Q9H4M7	57664
Q9UN19	27071
P23677	3706
Q99418	9266
O43739	9265
P62330	382
P9WN95	
P62491	8766
P19961	280
P84141	
Q46079	
Q59288	
Q13748	
P04350	10382
Q13509	10381
Q9BQE3	84790
Q9NY65	51807
P68363	10376
Q45697	
P33038	
P16113	
Q3IWB0	
P14174	4282
P0A079	
P0A078	
P15917	
P12499	
P24941	1017
P05019	3479
P16088	
P36419	
P08877	
P46459	4905
Q86YB8	56605
Q9WYT0	
P32396	
P06653	
Q46730	
P19367	3098
P35557	2645
P22732	6518
Q9UGQ3	11182
Q6PXP3	155184
Q9NY64	29988
O95528	81031
Q9BYW1	66035
Q8TD20	154091
P31639	6524
P00282	
Q9BWD1	39
P02689	5375
P07097	
P31133	
P40859	
P17612	5566
P07986	
P47228	
P22906	
Q86XF0	200895
P9WIL5	
P00803	
P00800	
P0A9J6	
P05798	
P10943	
P0A7E1	
Q60099	
P0A1V8	
P42321	
O07347	
P22629	
P0A733	
Q13363	1487
Q9X0N8	
P9WPE1	
O14936	8573
P9WKE9	
Q9X278	
Q9BVM4	87769
P20472	5816
P14621	98
Q81C15	
P80357	
P39841	
Q9X0V0	
P75914	
Q7DC80	
O34714	
P16544	
Q9NQX3	10243
Q81F54	
Q06700	
Q9WXS0	
P77872	
Q9X0F9	
O31465	
P77454	
P30749	
Q9X0L5	
Q9Z4N6	
Q5SHZ4	
Q46891	
Q59643	
P0A6D3	
P00780	
P0A6K3	
P05041	
Q7Z406	79784
Q09013	1760
O25323	
Q9UKM7	11253
P45124	
P0C0T5	
P37610	
P54965	
P31641	6533
P9WNS5	
P06968	
P07602	5660
Q83QN9	
P77173	
P43683	
O75390	1431
Q88CZ6	
Q9A5I5	
Q38087	
P36959	2766
P41007	
P00497	
P0A9M5	
P0AG16	
P29600	
P0A115	
P16753	
P27693	
P83844	
O33199	
Q01693	
Q9F5I8	
Q9KWT6	
Q9KWT5	
Q05581	
P0AFG8	
P23234	
Q9LCV9	
P27302	
P27696	
P20906	
P37063	
Q9Y6L7	7093
P35398	6095
O67648	
Q8ZKF6	
P07108	1622
P69903	
P31572	
P09373	
P9WK17	
P13702	
P0A6I8	
P96618	
P21340	
P23181	
P0A8V9	
Q92993	10524
Q8ZPC0	
O32248	
Q9R381	
Q81EE4	
P44886	
Q9F6D4	
P9WJM7	
Q92830	2648
Q9KEQ1	
Q92831	8850
P9WNP5	
Q9LCX9	
Q47764	
P39135	
Q9HYX1	
P43886	
O34002	
Q04416	
P0ACC7	
P10724	
Q01468	
P26276	
P54716	
P17169	
Q9X108	
P06744	2821
Q08881	3702
P43405	6850
P49137	9261
P48736	5294
Q04759	5588
P43403	7535
Q8I814	
P48449	4047
P20231	64499
P20231	7177
P25052	
P55882	
P08337	
P95468	
Q75WK2	
P16184	
P50607	7275
P34913	2053
O34453	
P0A884	
Q9K578	
O08498	
P52700	
P26918	
Q9KKU4	
Q16706	4124
P50897	5538
Q9I7A8	
P28305	
Q8ZNF3	
P16932	
A0A0H3K1U2	
P96622	
P43457	
Q9UKQ2	10863
Q00535	1020
P06493	983
Q15078	8851
Q5SIR5	
Q84CU3	
P24630	
P26397	
P13639	1938
P0A9S1	
Q9NXA8	23408
P00438	
P45799	
Q9NTG7	23410
P37700	
P19424	
P96945	
P0ABP8	
P07148	2168
P20035	
P46859	
P61322	
P35080	5217
P61320	
A9CJ63	
A0A384KMH6	
Q734I1	
Q5LRQ9	
Q81Y15	
Q92930	51762
P12497	
P0AE18	
P20248	890
P32947	
Q9BZX2	7371
P04585	
Q6UWN8	404203
P07858	1508
P0A7D4	
Q8N142	122622
Q9U8D3	
Q27743	
P26281	
P27017	
P05364	
P0AET8	
Q51792	
P0A433	
P0A434	
P05020	
P26602	
P45563	
Q46509	
P33247	
P09668	1512
Q9X0D0	
P19938	
Q56232	
P22256	
Q00169	5306
P15879	
P00959	
P08581	4233
Q02750	5604
P77150	
P19080	
Q9RRU8	
Q57366	
P32119	7001
Q8NX78	
Q9ZIV5	
Q9FD87	
P84124	
P15090	2167
P52699	
Q79MP6	
P39126	
Q9UJM8	54363
P36873	5501
P12070	
P56868	
O07015	
P0A793	
Q9FCA6	
P09012	6626
P30418	
O60551	9397
P07071	
P0ABE7	
Q6UWM7	197021
P04053	1791
Q9UBQ6	2135
Q16222	6675
P27828	
P16442	28
P17443	
Q84FH6	
Q99470	6388
P22513	
P0A794	
A7BK78	
Q820S6	
P01112	3265
Q56313	
P32890	
P01556	
O66529	
Q9NPB1	56953
O82839	
P09598	
P07773	
P06608	
P0A094	
Q93UV9	
P29422	
P33221	
P08179	
P13507	
Q08751	
P28593	
P29208	
Q47Q21	
P74334	
P16112	176
P13376	
P0ACB2	
P17900	2760
P25105	5724
Q53ZE5	
P00362	
Q59931	
P0A9B2	
P68638	
P04958	
P59846	
P06820	
P22939	
P58758	
P16384	
P12995	
P43777	
P11444	
P46828	
P51691	
P08842	412
P22459	3739
P15925	
Q9UKL6	58488
P14756	
P35030	5646
P11546	
P04936	
P22188	
O00408	5138
Q9UL51	610
Q46856	
O34667	
P13501	6352
Q65CX5	
Q9RME2	
P19992	
P26663	
P12676	
Q02169	
P28248	
Q97E82	
P11411	
Q01782	
Q07982	
P83788	
Q8Y7N7	
P49913	820
P07658	
P77444	
Q55793	
O32393	
P08311	1511
P43876	
P0ADA1	
P02941	
Q8P8J2	
Q9X1K9	
P49789	2272
P23458	3716
P09848	3938
Q9X1T2	
P30793	2643
P56817	23621
P15587	
Q9ZB17	
P0A6V8	
Q9HYN5	
Q9KG76	
Q9WXN1	
Q8GJ44	
O07653	
P14090	
P0C2S5	
P0AEE5	
P46926	10007
P36924	
Q9BW91	53343
O60264	8467
P26827	
P01552	
P04745	
P00490	
P69178	
O14594	1463
P23904	
P13650	
P00692	
P29957	
Q54331	
P0AC38	
Q9ZEU2	
O34974	
P54583	
P23905	
P23827	
Q701N4	440021
Q9BZZ2	6614
P38940	
Q60037	
P26466	
Q26609	
P40943	
P02943	
P05162	3957
Q9RX51	
Q7WT42	
Q48436	
P49302	
Q7SI98	
P47929	3963
P47929	653499
Q6L8H2	387266
P23340	
P94622	
P26221	
Q47644	
P12528	
P35247	6441
P01574	3456
P0AEX9	
P0C2S2	
P31992	
P28838	51056
P16118	5207
P32170	
P09466	5047
P96965	
P03369	
Q04095	
P11797	
P17315	
Q9K597	
P62837	7322
P08238	3326
P9WMC1	
P04584	
P36673	
Q7SIB1	
P26396	
Q9X1B3	
P27623	
Q46893	
P42216	
P0ABQ0	
P39377	
P08192	
P07944	
P0A759	
Q5SJ79	
Q5SJ80	
P82543	
P04118	1208
Q56408	
P98052	
P30301	4284
P09391	
Q146M9	
P60063	
P61888	
P03692	
O00142	7084
Q9PPP5	
Q08698	
P08690	
P0A6I0	
P21638	
P0AE67	
P20339	5868
P22364	
P80561	
Q9HVZ0	
P22694	5567
P50613	1022
P97084	
P31949	6282
P53778	6300
O14965	6790
Q10588	683
Q8NFW8	55907
Q59771	
Q96L21	140801
P40429	23521
P62829	9349
P61313	6138
P84098	6143
P62750	6147
Q9UHA3	51187
Q9UNX3	51121
P62917	6132
P61927	6167
P39023	6122
P62913	6135
P55769	4809
P15085	1357
P45568	
P76216	
P62136	5499
P30153	5518
Q13362	5527
P63151	5520
A0A0H2UXE9	
P46881	
P05062	229
Q07785	
Q4R2T2	
P22983	
Q56310	
P31323	5577
P94182	
Q98GN8	
P0ACJ8	
P03472	
P0CG22	
P0CG47	7314
O15379	8841
Q9UBN7	10013
O67135	
O60547	2762
P26394	
Q9PM68	
P62617	
P9WFF5	
P9WFF7	
P23276	3792
P30084	1892
P0C8P8	
P29395	
P00521	
P04632	826
Q88K39	
Q05488	
A3FMN7	
L0DSL2	
Q82EE4	
Q74EF5	
B7JA91	
Q3JWH7	
Q8ZIV7	
Q2LU76	
A7B6P0	
Q87MW5	
Q08462	108
P63092	2778
O95622	111
Q6GGU4	
P25910	
P0AE22	
P0AGC3	
P41052	
Q96T66	349565
Q94M05	
O07732	
Q9XB61	
P14941	
P19624	
P54317	5408
P68133	58
Q46220	
P60953	998
Q8I372	
P98170	331
Q9ZF99	
P35270	6697
Q70AC7	
Q9RUZ0	
Q9ZAG3	
P00807	
P03276	
O34450	
P22073	
P22830	2235
P51161	2172
P13073	1327
P00395	4512
P00403	4513
P00414	4514
P20674	9377
P10606	1329
P09669	1345
P24311	1349
P15954	1350
P10176	1351
Q02221	1339
P14854	1340
P24310	1346
Q7KZA3	2235
Q8TDU6	151306
O43252	9061
P0A1P6	
Q2RJ67	
P23222	
P49424	
P81180	
P11439	
P13551	
P62580	
P16050	246
Q8TCG2	55300
P08648	3678
P37840	6622
Q96EB6	23411
Q86T13	161198
Q92945	8570
O31616	
Q59325	
P9WPP7	
Q8VVD2	
O35000	
P00512	
P00943	
P09104	2026
P50921	
Q7ADF8	
Q9X180	
P11802	1019
Q75UV1	
P61769	567
P01848	
P01850	
P04439	3105
P31723	
P62312	11157
P0A927	
P05042	
Q7Z2Z2	79631
Q7K9G0	
Q9ZHG9	
P31142	
P31101	
Q16762	7263
Q5SJI0	
P0A6V7	
Q01770	
P0A006	
P29460	3593
P0C0J0	
P02929	
Q59976	
Q9L5C8	
P71119	
Q9Y3I0	51493
P83689	
P22340	
P05655	
P84077	375
Q7SIG1	
P20261	
Q06124	5781
P12488	
P15474	
Q3KNW5	345274
P14193	
P0AG82	
P75430	
P9WPX7	
P00381	
P9WQN9	
P00634	
Q9X266	
P0A827	
Q7Z4W1	51181
P17846	
P36871	5236
Q54089	
P14920	1610
P20586	
P19926	
Q9WZC2	
P22266	
Q8NBQ5	51170
P9WGT1	
P01859	
Q5SID9	
O60911	1515
P29723	
P08048	7544
P08244	
P04964	
Q9KQN0	
P32055	
P39646	
P41020	
P41021	
P41022	
P26789	
P26790	
Q5SII2	
Q93TU6	
P9WK19	
P42126	1632
P11310	34
Q9X4K7	
P17297	
P0A108	
P17600	6853
O14874	10295
P54278	5395
P62219	
P42443	
Q59560	
P15043	
P06710	
P9WI81	
Q7BK04	
P18843	
P0A6F3	
Q15075	8411
P04164	
P0A6L6	
Q83P33	
Q56748	
Q9RVD6	
P04391	
Q05315	1178
P18357	
P39593	
Q83JC4	
Q93EK7	
P24289	
P81989	
P00973	4938
P11488	2779
P0A9D2	
Q54468	
P9WNG3	
Q82122	
P23008	
P41235	3172
P98155	7436
Q9NZD2	51228
Q9UNK4	26279
Q9I194	
P32169	
P0AB87	
P0AB74	
P0AB71	
O94766	26229
Q46444	
P09546	
P00746	1675
Q06319	
P30419	4836
Q53464	
P0ABF6	
P0A820	
Q57193	
P78368	1455
P11413	2539
P0CG04	
P01709	
Q03403	7032
P00091	
Q7SIE2	
O68601	
O43612	3060
P80075	6355
P00138	
P0DJ06	
P0ABA0	
P14262	
P04062	2629
P34024	
O14735	10423
P9WKD7	
P07254	
Q13231	1118
P52045	
Q92876	5653
P00775	
P52270	
Q9Q2G8	
P0A9E0	
P02924	
P21905	
P37747	
P39662	
Q92947	2639
P61497	
Q96RQ9	259307
P42593	
Q56839	
P0A9P4	
P0AEZ1	
P26440	3712
Q9AGP8	
P37062	
P21890	
P38038	
Q44532	
O95831	9131
Q52437	
P18925	
Q888A4	
P00914	
P05327	
P10902	
P77967	
Q9Z4P0	
Q9UHQ9	51706
Q7SID9	
P22570	2232
Q15067	51
P08373	
P55789	2671
P61432	
P24232	
Q9LAG2	
Q9RA47	
P16640	
P9WHH7	
P9WIQ1	
P55792	
P09788	
P19480	
Q51225	
Q94655	
Q47PU3	
P07771	
Q72JJ3	
Q9KIE5	
P09063	
P14218	
P35340	
P58558	
P28861	
Q9RC23	
P07024	
Q7SIA3	
Q51705	
P19821	
O68874	
Q93RD8	
P60844	
Q02761	
Q02762	
Q02760	
P32019	3633
P12998	
P95780	
Q8GIQ0	
P16608	
P00929	
P0A2K1	
O31156	
P59676	
P05413	2170
Q9XBQ3	
P03300	
P03303	
P13900	
P03302	
P15151	5817
Q8GR64	
P27505	
Q9Z4J7	
Q08638	
P0AES2	
Q96QU6	84680
P23526	191
P42328	
Q9HAN9	64802
Q837V6	
P38489	
P18548	
P17584	
P0A8X2	
P16099	
Q9F0J6	
Q9WZW1	
Q51990	
Q56691	
O75676	8986
Q51793	
Q9NYQ3	51179
Q9RYU4	
P61949	
P50740	
Q60049	
Q46604	
Q81EW9	
Q96CD2	60490
O69755	
P55038	
P0AFI7	
P00322	
P0A2Y7	
P63462	
P30197	
P41407	
P56122	
P0A3D9	
P00323	
P10340	
Q8DW21	
Q9WXV1	
P50618	
P69772	
P20932	
O07529	
Q9ZK53	
O00141	6446
Q01234	
Q9FDN7	
Q746I8	
Q9HTQ2	
P00861	
Q5KUI2	
Q9WY54	
P77398	
Q9RZ04	
P94548	
Q9RHZ6	
P0A721	
P24425	
Q9WYE2	
Q8GB52	
Q53547	
P04179	6648
P23946	1215
Q9REC4	
P03422	
P72181	
P19622	2020
P50597	
Q91CQ6	
P13159	
P48068	
Q9Y275	10673
Q9Y6I3	29924
P03316	
P10600	7043
P0ABK9	
Q55013	
P54820	
P00101	
P00137	
P81040	
P82599	
Q9RN68	
P00136	
P14532	
P00132	
P00148	
Q9L915	
P24474	
P24092	
Q9RQB9	
Q52369	
O33830	
P19531	
P45494	
P03474	
P09382	3956
P03765	
Q96GD3	22955
P02930	
P0A8M5	
Q8NW68	
Q9XB59	
P04036	
P31491	
Q12965	4643
Q14565	11144
O34598	
P26514	
P04252	
Q816R0	
P14739	
Q9ZNA2	
P0A6B1	
P74645	
P06988	
P61925	5569
Q9KFR4	
P33590	
Q6PHW0	389434
Q86WA6	670
O67040	
O53240	
P9WG35	
P55210	840
P26660	
Q59675	
Q9KB30	
P09850	
Q8RJN8	
O68541	
P15309	55
P0A751	
Q97R46	
P26572	4245
P51178	5333
P35241	5962
Q14643	3708
Q8RQP5	
Q9LAK3	
P9WP01	
P33316	1854
O15923	
P03371	
P0AA43	
P10186	
Q8X444	
Q5SKC5	
P77836	
P43985	
P31434	
P22749	10578
P39621	
Q8T8E9	
P14779	
P34096	6038
Q47066	
P0A789	
P15770	
P44801	
P0C188	
P0AEK2	
Q6UWP2	79154
P76187	
Q16698	1666
Q9WYS2	
Q9GV41	
P80874	
P55818	
Q9X022	
P06632	
P46336	
Q14914	22949
Q9WZS7	
Q56694	
Q9X0A2	
P07650	
P0AE12	
Q9AIU0	
Q9P2N6	55683
P0A9Z7	
Q9FA38	
Q8WVQ1	124583
Q746L7	
P50750	1025
Q00534	1021
P49336	1024
P19438	7132
P07445	
O08398	
Q9X6R4	
P13100	
Q56320	
P00909	
P0AF93	
P69795	
P69908	
Q9KL51	
P19079	
P83849	
P0AFK9	
Q5SHF5	
P25053	
Q81VW8	
P9WND1	
O76083	5152
P09958	5045
P9WK83	
Q6ZZJ1	
Q8GGK7	
P25553	
P31224	
P33517	
Q03736	
Q873X9	
P02775	5473
P49366	1725
Q0P8G4	
P00644	
P42790	
Q9K2N0	
Q9X0G9	
P07711	1514
Q05514	
Q5MYR6	
P43522	
Q9H4G4	152007
Q9X0P2	
P96113	
P04531	
P30305	994
Q47NK3	
Q9WZI0	
Q96AZ6	3669
P25971	
Q5KUI3	
Q83LD8	
P13001	
P0A921	
Q5SKH7	
Q70GK9	
Q64822	
P25311	563
Q64823	
P05451	5967
Q04830	
P32884	
P26392	
P06132	7389
Q8GN86	
P05884	
O34928	
Q9Y286	27036
P24670	
O85361	
Q9ZGH3	
P26391	
P36956	6720
Q15120	5165
P0DM80	
P0CI79	
Q9R5V5	
P25774	1520
P12996	
P9WPQ5	
P41743	5584
P55055	7376
O67987	
O31168	
Q5PXQ6	
Q52546	
P31057	
Q14541	3174
P83812	
O43617	27095
Q9X1H9	
P00709	3906
Q01469	2171
P08773	
Q8VTT5	
P13661	
P81006	
Q45515	
Q7SIE9	
P0A0N5	
P60906	
P0A6Q5	
P0A6Q3	
P25006	
P0AEG6	
P0A6Y5	
P76270	
Q88H32	
P0A8D6	
P36405	403
P52664	
P45314	
Q9Y468	26013
P54548	
P30041	9588
Q9X9L0	
Q9X5N2	
Q8IWL2	653509
P60355	
Q6NXR0	56269
P69923	
O32449	
Q9Y691	10242
Q48255	
Q9UNA0	11096
Q8I3X4	
P51852	
Q7NSZ5	
P39639	
A1A2B5	
P31012	
P31013	
O67636	
P94690	
P35222	1499
Q8XB74	
P00378	
Q15849	8170
Q13336	6563
Q8ZKR2	
Q12756	547
Q72K87	
Q9WZK0	
P0AB77	
P36897	7046
P29508	6317
P36275	
Q84424	
Q06110	
P25524	
P16115	
P30901	
P37551	
P02741	1401
Q96BH3	64100
P0A076	
P0CK31	
Q9Y678	22820
Q13426	7518
P0A745	
P37001	
P0AD64	
P69488	
P03234	
P83453	
Q5UPJ7	
P51687	6821
P18509	116
P39265	
P12564	
Q02834	
Q9RP17	
O69007	
P52732	3832
P25275	
P00167	1528
P42085	
P20964	
P11759	
P08617	
P13901	
Q9LCC8	
P06129	
P00646	
Q8GBW6	
P52197	
Q9RN59	
Q9X2W8	
P53355	1612
Q9JZW6	
P9WQB3	
P0A6C8	
Q9HTN2	
P02974	
P13036	
P0A808	
P0A805	
P83786	
P13254	
P00935	
P33447	
Q5SJ28	
P0A6L0	
P15034	
P54455	
O25096	
P05100	
Q9UQM7	815
P22314	7317
P60339	
P0A7Z3	
P0CG29	2953
P38424	
P11124	
P61587	390
P19711	
Q15382	6009
P0A6T8	
P32173	
P43099	
P10114	5911
P08574	1537
P00156	4519
P31930	7384
P22695	7385
P07919	7388
O14949	27089
P47985	7386
P14927	7381
Q9UDW1	29796
P21912	6390
P10384	
P0AGG2	
P0C0Y8	
P0C0Y9	
P0C0Y7	
P98002	
P08306	
P01593	
P01764	
P07173	
P06008	
P06009	
P06010	
P60981	11034
P0C0X8	
Q14494	4779
P42512	
P0A915	
P06716	
P23528	1072
P76045	
P07110	
P69856	
Q3J170	
Q3J1A5	
Q3J1A6	
Q5RT80	
A0A0H2WWQ9	
Q46704	
Q46705	
Q46702	
Q4KH25	
Q9GZU7	58190
P75792	
P61713	
P11998	
Q9RYA6	
P17213	671
P05896	
P0A1X3	
P0A1X2	
Q7DB61	
Q6PKH6	317749
P56194	
P03706	
P29973	1259
Q9BVJ7	54935
P25705	498
P06576	506
P36542	509
Q6NVY1	26275
Q5G940	
O94768	9262
P60709	60
O00303	8665
P54652	3306
Q9Y230	10856
Q15393	23450
P17676	1051
P04377	
P0A917	
P0A910	
P39767	
Q48152	
P05695	
P32722	
P31243	
Q9HUR5	
Q9RBW8	
A5W4F4	
Q9HVJ6	
Q72JD8	
O33407	
P00778	
P0AGE0	
O31440	
P9WP23	
P83787	
O14964	9146
P11922	
P13299	
P10930	
Q2QJL3	
P38516	
P15086	1360
P03277	
O33833	
A0A384KMD8	
P46849	
Q9HB21	59338
P21408	
Q9WZ40	
P0A753	
Q9X286	
Q9CBQ2	
P33644	
P44725	
P04079	
Q37875	
Q9X1F0	
P32427	
P06672	
C7C422	
P07384	823
Q56268	
P16006	
P0AFM2	
P02925	
P36946	
Q8WUI4	51564
P9WQD9	
O31410	
P68826	
Q93LE9	
Q819U0	
Q819K2	
Q82ZJ0	
P68771	
Q9HBH1	64146
Q9X1F8	
P32056	
P41091	1968
P63096	2770
P51151	9367
P40616	400
P62826	5901
P51149	7879
P15170	2935
P61586	387
P18085	378
P11233	5898
Q01698	
Q96KC2	221079
Q26000	
Q51366	
Q9X242	
Q9Y6B6	51128
Q9Y689	26225
P00864	
P53582	23173
Q8YSC4	
P60484	5728
Q9S400	
P04015	
Q9GPQ4	
P37330	
P9WKK7	
P9WGY3	
Q8Z2X8	
Q6GII7	
P19835	
P36683	
P49759	1195
Q05655	5580
P77425	
Q9AQS0	
O24990	
P0A6H7	
P29323	2048
Q04230	
P55072	7415
Q96QT4	54822
P49368	7203
Q9WZ57	
Q9RA63	
P37093	
P23837	
P20083	
P51570	2584
P0A7G9	
Q06609	5888
P03960	
P0AEJ4	
P23367	
Q99661	11004
Q16877	5210
P0A3Y5	
P02920	
Q9RW27	
P61457	5092
P77674	
P0A3S0	
P52687	
P01270	5741
P20823	6927
Q9X112	
Q9WYA5	
P0C0E6	
P80099	
P35749	4629
P60493	
Q9HZZ3	
Q9RC92	
P65389	
Q02192	
O87949	
O15169	8312
Q9L6V3	
P0A6A8	
P53554	
P0A6W9	
Q16740	8192
Q92696	5875
P53611	5876
P35089	
P35094	
P09152	
P11349	
P11350	
P29377	795
P00269	
P23882	
P0C1V1	
P0CG48	7316
A5HEI4	
P39300	
P19909	
P16278	2720
Q93D82	
O00182	3965
P27914	
P27915	
P44490	
P02778	3627
O75976	1362
Q9KX40	
P36204	
P19429	7137
P06983	
Q54276	
O32723	
P51584	
Q9UL54	9344
Q03721	3749
Q15796	4087
P07515	
O00187	10747
Q9AFC7	
P96558	
P36952	5268
P9WH11	
O60493	8724
P39805	
O66145	
Q9ULY5	26253
Q53591	
Q9KWU1	
P51800	1187
P0A0Z8	
P14169	
P29498	
Q59334	
P29768	
P0C0H6	
P0A9M2	
Q57VC7	
Q16769	25797
P22869	
P35914	3155
Q1LCS4	
Q8TF76	83903
P30291	7465
Q84EX5	
Q8Q3H0	
O52646	
P0A1F6	
P0AC41	
P07014	
P69054	
P0AC44	
P06441	
P35961	
Q8P9V9	
P83791	
P83794	
P83792	
P83793	
P83797	
P83795	
P83796	
P83798	
P0C2P0	
P06709	
P15813	912
P13981	
P01877	
Q13285	2516
Q8II92	
Q93LD7	
P60472	
Q03426	4598
A9JQL9	
Q8XL08	
Q96GD4	9212
Q13464	6093
A0R559	
O60674	3717
O43293	1613
P52333	3718
P29597	7297
P29827	
P9WHU1	
P9WHT9	
P0A444	
Q96LB9	114771
P39045	
O05935	
Q6A8X5	
Q9Y6M4	1456
Q15418	6195
Q4W9V8	
Q7AUG5	
P41231	5029
Q8RQE9	
Q8RQE8	
O14957	10975
Q54AI1	
Q9H1R3	85366
P51681	1234
P20276	
P06881	796
Q16602	10203
P29371	6870
Q15648	5469
P49356	100529261
P49356	2342
P49354	2339
P30874	6752
P35346	6755
P17342	4883
Q16206	10495
Q7DHH4	
P02675	2244
P20292	241
Q01726	4157
Q5XXA6	55107
P56696	9132
P15382	3753
P20273	933
Q5T4S7	23352
Q8WXI7	94025
P27695	328
P08865	3921
O14672	102
Q9Y6K9	8517
P25929	4886
Q15761	4889
P50391	5540
P50391	100996758
P22607	2261
P06280	2717
O11885	
Q13443	8754
Q86US8	23293
Q96KG9	57410
P30411	624
P23560	627
O39930	
P24394	3566
Q14627	3598
Q03431	5745
Q14416	2912
Q14832	2913
P06731	1048
P48357	3953
Q8V397	
Q13093	7941
P16144	3691
P26010	3695
P41597	729230
Q9GZP0	80310
Q8IW54	5138
Q6PEY2	112714
Q9H853	
Q13885	7280
Q9BVA1	347733
Q9BUF5	84617
O96017	11200
O14757	1111
P9WJY5	
P9WIP7	
P9WP15	
Q15759	5600
O15264	5603
P24158	5657
A1Z199	
Q8TDV5	139760
Q96BI3	51107
Q9NZ42	55851
P04141	1437
Q16498	
A6PZ59	
P43490	10135
O30527	
Q6GJI1	
Q14894	1428
Q5T601	266977
P01911	3123
P21281	526
Q9S427	
Q8NFA2	124056
Q69600	
Q13882	5753
P35225	3596
P37268	2222
P16422	4072
P40238	4352
P48060	11010
P51164	496
P10147	6348
Q92911	6528
P01266	7038
O43511	5172
P35625	7078
Q7L5Y9	10296
Q86VB7	9332
P21926	928
P05305	1906
Q81ZL8	
Q9NNW7	10587
P51671	6356
P10145	3576
P02749	350
Q9NPF7	51561
B0B3C9	
Q5NUL3	338557
P0A786	
P0AD69	
Q86V67	
Q96IY4	1361
O15496	8399
P22301	3586
Q96AE4	8880
P13861	5576
P49190	5746
Q9UNP4	8869
P26664	
O14763	8795
O14793	2660
Q15116	5133
P48061	6387
P58335	118429
Q9H6X2	84168
Q9Y6Q6	8792
P40763	6774
P05155	710
Q969F8	84634
Q14956	10457
O93182	
Q13233	4214
Q02156	5581
P04792	3315
Q02224	1062
P20807	825
Q9UQB9	6795
Q9Y2T6	9290
P16615	488
P06734	2208
P16410	1493
P49674	102800317
P49674	1454
P21439	5244
P22460	3741
P16788	
Q68101	
O15230	3911
P07942	3912
P11047	3915
P25391	284217
Q16787	3909
Q9NPC1	56413
Q15722	1241
P49662	837
Q00613	3297
P08887	3570
P11597	1071
Q91RS4	
Q9NQ25	57823
P17813	2022
P28908	943
P01127	5155
P15391	930
P53420	1286
P25942	958
P01583	3552
P18510	3557
P22413	5167
Q05397	5747
P06858	4023
Q12884	2191
P29965	959
P16070	960
P05112	3565
P15941	4582
Q9UQQ2	10019
C6KT68	
P36507	5605
Q9Y2U5	10746
Q13555	818
P16389	3737
P17658	3742
Q96RP8	3743
Q16322	3744
Q14721	3745
Q92953	9312
P48547	3746
Q96PR1	3747
Q14003	3748
Q9NSA2	3750
P21452	6865
P30872	6751
P32745	6753
Q7SIA5	
P10589	7025
Q9HAY6	53630
Q15750	10454
P21399	48
P06434	
P06435	
P12814	87
Q99623	11331
P31327	1373
P28300	4015
Q19KS1	
P49281	4891
Q7ZJM1	
O75173	9507
G3X745	
Q8NEB9	5289
A0A0M3KKX1	
Q15661	7177
Q3JUV5	
Q5L1E2	
P48552	8204
P00781	
P10614	
Q9I5I9	
P53350	5347
Q16651	5652
P08217	63036
Q82IZ1	
Q99AU2	
P78536	6868
Q8GMG0	
Q51948	
Q83WG3	
Q9I596	
P22088	
Q8DNV6	
P23467	5787
P13051	7374
P0A988	
P45984	5601
P43813	
Q99933	573
P9WGV3	
Q13133	10062
Q07817	598
Q55813	
A0A0H2Z368	
Q13554	816
P42892	1889
P51955	4751
P53609	5229
Q9UGN5	10038
Q9WMX2	
Q8KI25	
P0C6X7	
Q8GI16	
Q84II6	
P03367	
P56601	
P32397	
Q9NQS7	3619
Q8IVS2	27349
P06202	
Q01043	
O75460	2081
P9WI73	
Q15118	5163
Q79FX8	
P0A333	
P20581	
Q59FW3	
Q820T1	
Q9KU37	
Q9UBT6	51426
P52026	
O25928	
Q9KPI8	
P54997	
P0AC47	
P0A8Q0	
P0A8Q3	
Q494W8	89832
P95276	
C0H419	
A0A0H3JRU9	
P03355	
Q9HB40	59342
P47229	
Q9WWU5	
P19784	1459
Q70I53	
O14818	5688
P0A6G7	
A0A0F7R7F9	
Q13627	1859
P0C6U8	
Q53119	
O67931	
B7JBP8	
P95673	
P97253	
P0AF14	
Q9KEI9	
Q9H2G2	9748
Q16566	814
P49761	1198
P17412	
P17596	
P17413	
Q9Y6F1	10039
Q9HCD5	57727
Q9ZGI2	
P9WPN5	
Q88016	
P26137	
P03437	
Q16644	7867
Q01581	3157
Q00536	5127
P10478	
D2YW37	
P01116	3845
P0A3R9	
Q8EBR3	
P29559	
Q5HEB7	
P31751	208
Q7MUW6	
Q6P093	344752
Q4L5E3	
Q4L5E4	
P10845	
Q7B8V4	
Q15102	5050
Q13557	817
Q9P289	51765
P47205	
O52791	
P84147	
P07737	5216
Q7Z3Y4	
P04587	
P9WNH5	
Q9UHY7	58478
Q59721	
Q0S9X1	
P24183	
P0AAJ3	
P0AEK7	
Q72EF4	
Q72EF3	
P07026	
Q836J0	
P0A017	
Q13946	5150
O60658	5151
Q15375	2045
Q96NX5	57172
P49862	5650
P9WQ77	
P24182	
Q969V6	57591
Q8WWL2	84501
P33905	
P55407	
P55408	
Q59EB3	
Q8AAK6	
Q7BJM5	
O75116	9475
Q8NMG3	
P0AFL3	
Q5SHN3	
P80376	
P80377	
P0DOY6	
Q5SJ76	
Q5SJH3	
P0DOY7	
Q5SLQ0	
Q5SHP2	
P80380	
P80373	
Q5SHQ5	
Q5SLP8	
P17291	
P0DOY9	
P80374	
Q5SIH3	
P62658	
P62661	
P62662	
P62663	
P62669	
P62660	
P80371	
P80372	
Q9I5F3	
O06796	
Q57254	
Q9Z9H6	
Q8RQE7	
Q5SKW1	
P12915	
Q66282	
P21404	
P06210	
O91734	
P29813	
P0A8V6	
O75521	10455
P35243	5957
P09142	
P04324	
P63098	5534
Q08209	5530
P9WPF1	
P22055	
Q71LY2	
Q72497	
P43080	2978
P43080	118142757
P9WH69	
O95445	55937
Q81R22	
O15143	10095
P61160	10097
P61158	10096
O15144	10109
O15145	10094
P59998	10093
O15511	10092
P28793	
P28790	
P48632	
P0A110	
P0A112	
Q5SHR6	
Q9A1B7	
P23083	
P04211	
Q8KNZ7	
Q53586	
P9WIJ3	
P25084	
Q9HCP0	53944
Q12866	10461
Q96GR2	23205
O75865	79090
Q86SZ2	122553
Q8IUR0	126003
Q9Y296	51399
Q9Y5R8	58485
P43889	
Q5EK40	
Q460N3	165631
P40406	
Q6FEW8	
Q9KM65	
P44783	
P11684	7356
Q53728	
P14649	140465
P19105	10627
P12883	4625
P01768	
O70038	
P00524	
P0A8P1	
Q8IU85	57118
O67854	
P37957	
P04825	
P35568	3667
P25786	5682
P25787	5683
P25788	5684
P25789	5685
P28066	5686
P60900	5687
P49721	5690
P49720	5691
P28070	5692
P28072	5694
Q99436	5695
Q8DP79	
Q53901	
P9WNW7	
Q6PYX1	
Q5LI27	
P01615	
P55196	4301
Q02054	
Q9NWZ3	51135
P15636	
A0A348A0U3	
Q6GI75	
Q15119	5164
Q9UKY3	
Q939D2	
P27958	
P29894	
P22619	
P29899	
Q8VUS8	
Q8VUT0	
Q8VUS7	
P0A9J8	
P9WIB9	
P84887	
P84888	
P04390	
Q92793	1387
Q9FBC5	
Q3JP94	
Q9NPJ3	55856
P0AEG4	
P0A6M2	
Q72LA5	
Q72LA4	
Q72LA6	
Q9ZLT0	
P26661	
P80192	4293
O92972	
A7J8L3	
Q672W7	
Q9HBL8	57407
P16218	
P01100	2353
O75330	3161
P13611	1462
Q07021	708
P10915	1404
Q96S86	145864
Q86UW8	404037
Q14520	3026
Q6UX15	143903
Q8WWQ8	55576
Q9BZV3	50939
Q5JVS0	22927
P11711	
P15149	
P04167	
P12790	
Q08460	
Q9UHC3	9311
Q9WTN6	
Q9NSD5	6540
P48065	6539
Q9H228	53637
P21453	1901
O95977	8698
Q99500	1903
Q9NYA1	8877
Q18BX5	
P49763	5228
P49765	7423
P08697	5345
P28062	5696
P28065	5698
P40306	5699
P25092	2984
Q16832	4921
P13423	
P9WPS1	
Q14145	9817
Q04206	5970
P57059	150094
P57059	102724428
Q8NG66	79858
P53667	3984
Q15303	2066
P10619	5476
Q96PD7	84649
Q5L478	
Q16552	3605
O43613	3061
O43614	3062
Q9HGT2	
A0A023W3H0	
Q9F663	
Q9EXV5	
P37321	
P47775	2835
Q9Y5S1	51393
Q9HBA0	59341
F1T0I5	15
Q02083	27163
P34998	104909134
P34998	1394
P09110	30
Q8IWW8	137872
P31391	6754
P49895	1733
Q92813	1734
P55073	1735
O00338	6819
Q99571	5025
P62807	8339
P62807	8343
P62807	8344
P62807	8346
P62807	8347
P62807	3017
P10412	3008
P63261	71
P10809	3329
P48723	6782
Q08288	
P15880	6187
Q07955	6426
P22626	3181
P31943	3187
P31942	3189
P61987	
P14866	3191
P23246	6421
Q15428	8175
P63244	10399
P29401	7086
P31948	10963
Q96RE1	
P56537	3692
P60842	1973
P31946	7529
P51858	3068
O00299	1192
Q06323	5720
P30086	5037
P18669	5223
P43487	5902
O75880	6341
F7VJQ1	5621
P42858	3064
Q6MZM0	341208
Q99497	11315
P10997	3375
Q9UHF0	6866
P43652	173
P02655	344
P02656	345
P02748	735
P45973	23468
P01861	
P15814	3543
P02750	116844
P51884	4060
P36955	5176
P03950	283
Q14061	10063
Q9BQS7	9843
P04080	1476
Q9Y5S8	27035
Q9BQT8	89874
Q86YT5	284111
P53007	6576
P87764	
P22897	4360
P04926	
O25926	
Q3MS49	
I6TLU5	
P39905	2668
P08236	2990
P34059	2588
P22304	3423
P35475	3425
P15848	411
Q8NBP7	255738
A0A448RWU9	
B3WCW7	
A3CMA7	
A0A1C7C740	
Q9UBD6	51458
Q9GZR5	6785
P28907	952
Q07820	4170
P19111	
P34981	7201
Q8WUM9	6574
Q08357	6575
Q06495	6569
O95436	10568
Q8N130	142680
P17050	4668
P69924	
O14520	364
O43315	366
P0AER0	
P05026	481
P14415	482
P54709	483
Q13733	480
Q9BX84	140803
Q96GZ6	54946
Q9H8M5	54805
Q8KT33	
P47872	6344
Q9UEW3	8685
P37173	7048
Q9BUP3	10553
Q99828	10519
P30626	6717
Q99653	11261
P09486	6678
P35556	2201
O14958	845
Q15493	9104
Q9UBV8	553115
P06703	6277
P13693	7178
O75838	10518
P31415	844
Q02818	4924
P80303	4925
Q75N90	84467
P28676	25801
Q9ULU8	8618
P0DP24	805
P0DP24	808
P0DP24	801
P0DP25	805
P0DP25	808
P0DP25	801
Q96FQ6	140576
P22676	794
Q13938	828
Q86UW7	93664
Q96L12	125972
Q9ULB1	9378
P62166	23413
P05937	793
Q9H1D0	55503
Q9NQA5	56302
Q9P0L9	9033
Q15413	6263
Q7Z443	342372
Q8NEC5	117144
P12851	
P02773	
Q96RI0	9002
P02679	2266
Q92482	360
Q25634	
Q8SPQ9	
Q9NZQ7	29126
P20333	7133
Q9H222	64240
Q9H221	64241
O75964	10632
P48047	539
P21291	1465
Q16555	1808
P21333	2316
Q9C0B1	79068
Q14103	3184
P61978	3190
Q5SSJ5	50809
P46940	8826
P55786	9520
P27635	6134
P50914	9045
Q07020	6141
P42766	11224
P36578	6124
P62277	6207
P08708	6218
P62269	6222
P39019	6223
P62857	6234
P46782	6193
P62753	6194
P62241	6202
P46781	6203
Q15637	7536
P62316	6633
P37108	6727
Q08170	6429
Q01995	6876
P37802	8407
P09493	7168
P08670	7431
Q15942	7791
P35579	4627
P17844	1655
Q13838	7919
P06748	4869
Q8I3Z5	
Q5R2K6	
Q6LFH8	
Q00080	
P13568	
Q8IKW5	
P86287	
Q8IKK7	
P14223	
C6KT34	
Q8IC05	
Q8IKF0	
C6KTA4	
C0H4Y6	
Q8IDH5	
Q8II73	
Q8I2Z8	
Q8ILF7	
Q8I0V4	
Q8IJN7	
Q8IKH8	
A0A143ZZK9	
P14642	
P13817	
Q7K6A4	
Q8IKR1	
Q8I431	
Q8IDQ9	
O97313	
Q8IJT2	
Q8IJC6	
C0H571	
T1RTG8	
C0H5C2	
Q8I6U8	
Q08853	
Q76NM6	
Q8I3T9	
Q8I0X2	
Q8IM16	
Q7KQM4	
Q9N623	
C0H4V6	
Q8I5G6	
C6S3C7	
Q7KQL5	
Q8IKM5	
Q8IL86	
Q8IJR6	
Q8I492	
C0H4L1	
Q8IAW0	
Q76NN7	
Q8IB72	
P13827	
Q8IDD3	
O77323	
C0H546	
Q8I4R5	
Q8IBN5	
Q8I487	
P50250	
Q8IJA9	
Q8IJ60	
Q8IEN3	
Q8IDP8	
Q8I4W4	
O77361	
C6KSR5	
Q02155	
Q8IBI3	
Q8IJ74	
Q8III5	
Q8IHS5	
Q8IDP1	
Q8I5Y3	
Q8IEM3	
Q8IE82	
Q8IDI5	
Q8IM15	
C0H5H0	
Q8ILV2	
Q8IM74	
Q8I5H4	
Q8ID50	
Q8IE67	
Q8IL80	
O96221	
A0A144A2G5	
P13830	
Q9TY94	
Q8IBS5	
P38545	
Q8IB78	
C0H4X5	
C0H551	
Q8IJK8	
Q8IIR9	
Q8IIA4	
Q7KQK0	
Q8IDV0	
Q8IKL4	
Q8ILK3	
Q8ILE8	
Q8IKM6	
Q8IL88	
C6KT50	
Q13873	659
P36894	657
P21860	2065
P32245	4160
P41968	4159
P33032	4161
Q05318	
Q14790	841
Q15139	5587
Q9Z1N9	
P48764	6550
Q9BQB4	50964
Q4VB53	
P53396	47
O14975	11001
Q9H093	81788
O14980	7514
Q16288	4916
P08922	6098
P62344	
Q9UK32	27330
Q8NI60	56997
Q8IY84	167359
Q9Y6E0	8428
Q13188	6788
P42680	7006
Q9BYT3	65975
Q8TDR2	140901
Q9NRP7	27148
Q15208	11329
Q9Y2H1	23012
Q9UEW8	27347
Q7L7X3	57551
Q9H2K8	51347
Q9UHD2	29110
Q15569	7016
P35590	7075
Q9UKI8	9874
Q86UE8	11011
Q9UKE5	23043
Q13470	8711
Q59H18	100526835
Q59H18	51086
Q9BXA7	83942
P42681	7294
Q06418	7301
O75385	8408
Q8IYT8	9706
Q6PHR2	25989
Q56UN5	80122
Q2M2I8	22848
Q96D53	79934
Q8NFD2	255239
P30530	558
P51451	640
Q9NSY1	55589
O00238	658
P51813	660
Q14012	8536
Q8N5S9	84254
Q96RR4	10645
P07498	1448
Q6DT37	55561
Q00532	8814
Q92772	8999
O14578	11113
P49760	1196
Q9HAZ1	57396
P48729	1452
Q9UIK4	23604
O15075	9201
Q8N568	166614
Q9C098	85443
Q9Y463	9149
Q9BQI3	27102
P19525	5610
Q9P2K8	440275
P21709	2041
P29320	2042
P54764	2043
Q9UF33	285220
P29322	2046
P54762	2047
O15197	2051
P16591	2241
P07332	2242
O14976	2580
P49840	2931
Q9H2X6	28996
Q9H422	10114
Q9UPZ9	22858
Q14164	9641
P14616	3645
P51617	3654
Q9Y616	11213
Q9Y2K2	23387
O95835	9113
P53671	3985
Q5S007	120892
P29376	4058
P46734	5606
Q13163	5607
P52564	5608
Q02779	4294
Q16584	4296
Q12852	7786
O43283	9175
Q6ZN16	389840
Q99759	4215
Q9Y6R4	4216
O95382	9064
Q92918	11184
Q12851	5871
Q8IVH8	8491
O95819	9448
Q9Y4K4	11183
Q8TD08	225689
P31152	5596
Q13164	5598
Q8IW41	8550
Q9P0L2	4139
Q7KZI7	2011
P27448	4140
Q96L34	57787
Q7Z460	23332
Q9Y2H9	22983
P42679	4145
Q14680	9833
Q8N4C8	50488
Q9BUB5	8569
Q9HBH9	2872
Q04912	4486
O15146	4593
Q15746	4638
Q32MK0	91807
Q86YV6	340156
Q8NEV4	53904
Q96PY6	4750
P51956	4752
P51957	6787
Q6P3R8	341676
Q8TD19	91754
O60285	9891
O95747	9943
Q13153	5058
Q13177	5062
O75914	5063
O96013	10298
Q9NQU5	106821730
Q9NQU5	56924
Q9P286	57144
Q00537	5128
Q16816	5260
Q9UBF8	5298
O00750	5287
O75747	5288
Q86V86	415116
P78356	8396
Q8TBX8	79837
Q99640	9088
Q16512	5585
Q16513	5586
Q9NYY3	10769
Q9H4B4	1263
O00444	10733
P05129	5582
Q13237	5593
Q13523	8899
Q9BRS2	83732
Q9BVS4	55781
O14730	8780
Q13546	8737
O43353	8767
P57078	
Q52WX2	388228
P0C264	100130827
Q96BR1	100533105
Q96BR1	23678
Q9H0K1	23235
Q9NRH2	54861
Q9H3Y6	6725
O94804	6793
O75716	8576
Q9UEE5	9263
Q8WU08	202374
P33815	
Q01344	3568
F5HC79	
F5HGI9	
F5HCU8	
Q07011	3604
A0A068JFB7	
Q9X757	
Q53IN1	
P27037	92
Q92847	2693
A0A0H2UQB5	
P10092	797
P40259	974
Q9P2E9	6238
Q9Y221	51388
Q92843	599
Q92934	572
Q809M3	
P51679	1233
P01350	2520
L0LZJ6	
Q6QNK2	283383
Q8N4T0	57094
P62736	59
P56385	521
O43169	80777
Q9NR28	56616
Q8TF61	150726
P52597	3185
P34932	3308
P61604	3336
Q92598	10808
Q9Y266	10726
Q13219	5069
P17980	5702
P60903	6281
Q12874	10946
Q969G3	6605
O43399	7165
P06753	7170
P67936	7171
P10599	7295
P09936	7345
P54578	9097
Q04917	7533
P27348	10971
P63104	7534
Q9NRA0	56848
P01563	3440
P61182	
Q13421	10232
Q76LX8	11093
Q15910	2146
Q92800	2145
P09758	4070
Q96NY8	81607
Q93L51	
P18177	
B4DP61	6606
B4DP61	6607
P03697	
P53794	
P49228	
P60723	
P81172	57817
Q53TN4	79901
Q9NP59	30061
Q969S8	83933
Q9HC29	64127
O15393	7113
P06307	885
Q86DI9	
Q00496	
P18640	
Q60393	
P30996	
P19321	
Q16518	6121
Q14081	
P03433	
Q6IQ20	222236
Q7Z4T2	
P20393	9572
Q14995	9975
O75533	23451
F5GY58	747
O13332	
Q8T6S0	
Q9Y5I7	10686
Q8IVJ1	254428
Q9HD23	57380
P00738	3240
P04114	338
P02790	3263
P04196	3273
P41238	339
Q02383	6407
Q9Y6M5	7779
Q9BRI3	7780
Q99726	7781
O14863	7782
Q6NXT4	55676
Q8TAD4	64924
Q8NEW0	148867
Q8IWU4	169026
Q6PML9	10463
Q6XR72	55532
Q9NY26	27173
Q9NP94	29986
Q9BRY0	29985
Q6P5W5	55630
Q6ZMH5	283375
Q13433	25800
Q92504	7922
Q9C0K1	64116
Q9NUM3	55334
Q9ULF5	57181
Q8N1S5	201266
Q504Y0	221074
Q96H72	91252
Q15043	23516
O75897	27233
P36404	402
P0DTD1	
K9N7C7	
P75780	
A0A0H2ZGX7	
P11510	
P51686	10803
O15123	285
Q99814	2034
Q8IXJ6	22933
P35232	5245
P11532	1756
P0DTC2	
Q02223	608
P0DTC1	
Q98VG9	
K9N638	
Q05320	
